{
    "transforms": {
        "Cart_to_PSM1": {
            "translation": {
                "x": 0.053216241064351216,
                "y": 0.8830803017547477,
                "z": 0.24674426839963326
            },
            "rotation": {
                "x": 0.29429444532068144,
                "y": -0.7987683967285598,
                "z": 0.1566904298135964,
                "w": -0.5008072853362949
            }
        },
        "Cart_to_PSM1_base": {
            "translation": {
                "x": -0.03743530183612556,
                "y": 0.9195891244935886,
                "z": 0.3461039488542401
            },
            "rotation": {
                "x": 0.3667278854916288,
                "y": -0.10935225990907013,
                "z": 0.26399902325096636,
                "w": -0.8853571352726276
            }
        },
        "Cart_to_PSM2": {
            "translation": {
                "x": 0.015720994827270393,
                "y": 0.8786840801520288,
                "z": 0.2552910089373624
            },
            "rotation": {
                "x": -0.06277592205338309,
                "y": -0.8615732605338434,
                "z": 0.07414215713459486,
                "w": 0.4982505804099567
            }
        },
        "Cart_to_PSM2_base": {
            "translation": {
                "x": 0.09900281357358838,
                "y": 0.8914853718296052,
                "z": 0.3544095653970046
            },
            "rotation": {
                "x": 0.36223371401736487,
                "y": 0.12342607169300976,
                "z": -0.29797612228364817,
                "w": -0.8745072737287087
            }
        },
        "Cart_to_ECM": {
            "translation": {
                "x": 0.11945136603094922,
                "y": 1.0615091455003343,
                "z": 0.3581113063585988
            },
            "rotation": {
                "x": 0.9600129283197111,
                "y": -0.02191962393636038,
                "z": -0.07610644139286506,
                "w": 0.26851911873089485
            }
        },
        "Cart_to_ECM_base": {
            "translation": {
                "x": 0.15805761010088398,
                "y": 1.1867492810805755,
                "z": 0.5645217580826581
            },
            "rotation": {
                "x": -0.5697667067513545,
                "y": 0.06589012879083536,
                "z": -0.09410390807053126,
                "w": 0.8137375776572545
            }
        }
    },
    "jaw_angles": {
        "PSM1_jaw": 1.3917480889846177,
        "PSM2_jaw": 1.4144898765668037
    }
}