{
    "transforms": {
        "Cart_to_PSM1": {
            "translation": {
                "x": 0.05151409007358135,
                "y": 0.8841672667788485,
                "z": 0.24600357004515047
            },
            "rotation": {
                "x": 0.28885458249723944,
                "y": -0.8081277397370319,
                "z": 0.1562091153963366,
                "w": -0.4889696296345569
            }
        },
        "Cart_to_PSM1_base": {
            "translation": {
                "x": -0.009497487829966178,
                "y": 0.8943340762542902,
                "z": 0.3294769157602575
            },
            "rotation": {
                "x": 0.3634081241668975,
                "y": -0.11992411781572,
                "z": 0.2895216796974294,
                "w": -0.8773425432753146
            }
        },
        "Cart_to_PSM2": {
            "translation": {
                "x": 0.014288561533828306,
                "y": 0.878367217358744,
                "z": 0.25412804605437594
            },
            "rotation": {
                "x": -0.13052005290933705,
                "y": -0.8618062096106839,
                "z": 0.09388266318541161,
                "w": 0.48108275630937414
            }
        },
        "Cart_to_PSM2_base": {
            "translation": {
                "x": 0.09810874273771744,
                "y": 0.890563094047323,
                "z": 0.3543081447735608
            },
            "rotation": {
                "x": 0.3621568248378789,
                "y": 0.12365149804077466,
                "z": -0.2985203482161934,
                "w": -0.8743216473109314
            }
        },
        "Cart_to_PSM3": {
            "translation": {
                "x": 0.107477764507587,
                "y": -0.753769196685772,
                "z": 0.34202214213267057
            },
            "rotation": {
                "x": 0.5465943420719581,
                "y": -0.7369112188421285,
                "z": 0.3281631631653767,
                "w": 0.2247341075600816
            }
        },
        "Cart_to_PSM3_base": {
            "translation": {
                "x": 0.10255182432139491,
                "y": -0.6789916437082013,
                "z": 0.46727025473712885
            },
            "rotation": {
                "x": -0.010346073927927496,
                "y": -0.13011581316063775,
                "z": 0.9883253851976432,
                "w": 0.07858604770411999
            }
        },
        "Cart_to_ECM": {
            "translation": {
                "x": 0.12259739586014168,
                "y": 1.06358078494842,
                "z": 0.36040199954267127
            },
            "rotation": {
                "x": 0.9598982696765022,
                "y": -0.030992084762982562,
                "z": -0.07236720791449698,
                "w": 0.2690683737877069
            }
        },
        "Cart_to_ECM_base": {
            "translation": {
                "x": 0.16052875030024827,
                "y": 1.1884041000776504,
                "z": 0.5663149813187222
            },
            "rotation": {
                "x": -0.5723671979501359,
                "y": 0.03703241694875849,
                "z": -0.052889487759815425,
                "w": 0.8174515844318534
            }
        }
    },
    "jaw_angles": {
        "PSM1_jaw": 0.0,
        "PSM2_jaw": 0.0,
        "PSM3_jaw": 0.0
    },
    "suj_joint_angles": {
        "PSM1": [
            0.09731718678701656,
            -0.18001039979431943,
            -2.0008270933400842,
            -0.027451159548941728
        ],
        "PSM2": [
            0.12214841580031988,
            0.07850131447893549,
            1.8705156941672383,
            0.2798203072051013
        ],
        "PSM3": [
            0.36240347742159473,
            1.7034139739579475,
            -5.698719820990675,
            2.2124272782794394,
            1.624183763533543
        ],
        "ECM": [
            0.4224918381157814,
            -0.02232596879526061,
            -0.282055234054142,
            0.17516040863138693
        ]
    }
}