{
    "Cart_to_PSM1": {
        "translation": {
            "x": 0.052908412997158885,
            "y": 0.8841183801149923,
            "z": 0.24656206064280228
        },
        "rotation": {
            "x": 0.2999120827962903,
            "y": -0.8014929796098844,
            "z": 0.15271312675771964,
            "w": -0.4943080488366959
        }
    },
    "Cart_to_PSM1_base": {
        "translation": {
            "x": -0.00843682675798324,
            "y": 0.8943068577276527,
            "z": 0.3285610291726159
        },
        "rotation": {
            "x": 0.36403831566587985,
            "y": -0.11799766720001115,
            "z": 0.284871291668305,
            "w": -0.8788634720169773
        }
    },
    "Cart_to_PSM2": {
        "translation": {
            "x": 0.016425746482875675,
            "y": 0.8789791399543637,
            "z": 0.2546387092569822
        },
        "rotation": {
            "x": -0.13356254293809708,
            "y": -0.859194405348241,
            "z": 0.0951825637784621,
            "w": 0.4846506994679268
        }
    },
    "Cart_to_PSM2_base": {
        "translation": {
            "x": 0.09643856094475656,
            "y": 0.8904030386537634,
            "z": 0.35423222189038406
        },
        "rotation": {
            "x": 0.3620775263853331,
            "y": 0.12388422401305094,
            "z": -0.29908211672398316,
            "w": -0.8741295392464806
        }
    },
    "Cart_to_ECM": {
        "translation": {
            "x": 0.12256289074381144,
            "y": 1.064543304481751,
            "z": 0.360431755466636
        },
        "rotation": {
            "x": 0.9597144003550813,
            "y": -0.02882753404964057,
            "z": -0.0715197884862472,
            "w": 0.27018912429368114
        }
    },
    "Cart_to_ECM_base": {
        "translation": {
            "x": 0.16000652175314642,
            "y": 1.1905726058815445,
            "z": 0.5671221633424605
        },
        "rotation": {
            "x": -0.5733752973463901,
            "y": 0.014709778628365743,
            "z": -0.021008422371973305,
            "w": 0.818891346269506
        }
    }
}