{
    "transforms": {
        "Cart_to_PSM1": {
            "translation": {
                "x": 0.045992305344329965,
                "y": 0.8845371031068334,
                "z": 0.23354967415675718
            },
            "rotation": {
                "x": -0.16801775289354867,
                "y": -0.9302501133969114,
                "z": 0.046777165260930974,
                "w": -0.3228260492088385
            }
        },
        "Cart_to_PSM1_base": {
            "translation": {
                "x": -0.004756215403549924,
                "y": 0.8941304698567885,
                "z": 0.3301470810272812
            },
            "rotation": {
                "x": 0.3632531082428743,
                "y": -0.12039284902465089,
                "z": 0.29065329399994044,
                "w": -0.8769683027011879
            }
        },
        "Cart_to_PSM2": {
            "translation": {
                "x": 0.007809571993948591,
                "y": 0.8730505862349927,
                "z": 0.22042661217967355
            },
            "rotation": {
                "x": 0.04488198903173716,
                "y": -0.9149272226571105,
                "z": 0.019537378105095517,
                "w": 0.4006395826154474
            }
        },
        "Cart_to_PSM2_base": {
            "translation": {
                "x": 0.1089596936113785,
                "y": 0.8972917199418645,
                "z": 0.3540714310192754
            },
            "rotation": {
                "x": 0.362861079595672,
                "y": 0.12156930393419685,
                "z": -0.29349350002108,
                "w": -0.8760218642825044
            }
        },
        "Cart_to_PSM3": {
            "translation": {
                "x": 0.12873043283013777,
                "y": 0.679529862834295,
                "z": 0.21423077008441932
            },
            "rotation": {
                "x": 0.7901945103840858,
                "y": 0.1005300081292111,
                "z": 0.008259716897756335,
                "w": -0.604498246731258
            }
        },
        "Cart_to_PSM3_base": {
            "translation": {
                "x": 0.13062816134035027,
                "y": 0.5729071393611699,
                "z": 0.32381571367165507
            },
            "rotation": {
                "x": 0.1262046207528605,
                "y": 0.0333100552506711,
                "z": -0.2530143906946231,
                "w": -0.9586169996517131
            }
        },
        "Cart_to_ECM": {
            "translation": {
                "x": 0.12083857132229561,
                "y": 1.0751574012822418,
                "z": 0.3535148078872762
            },
            "rotation": {
                "x": 0.9661654905927447,
                "y": -0.04445207774556692,
                "z": -0.07292767875775961,
                "w": 0.24337175522806243
            }
        },
        "Cart_to_ECM_base": {
            "translation": {
                "x": 0.16054101964553613,
                "y": 1.1884322947620662,
                "z": 0.5662215120880393
            },
            "rotation": {
                "x": -0.5723660815223667,
                "y": 0.03704966824531925,
                "z": -0.05291412596367756,
                "w": 0.8174499899560482
            }
        }
    },
    "jaw_angles": {
        "PSM1_jaw": 0.24134388752835984,
        "PSM2_jaw": 0.0,
        "PSM3_jaw": 1.1102230246251565e-16
    },
    "suj_joint_angles": {
        "PSM1": [
            0.09798735205404022,
            -0.1862830966643796,
            -2.0023021535215753,
            -0.022283593227343745
        ],
        "PSM2": [
            0.12191170204603433,
            0.07916883555143839,
            1.8580088993098534,
            0.2801719287856641
        ],
        "PSM3": [
            0.2189489363561208,
            1.688143727570977,
            -1.1342507453723507,
            2.6508908835856015,
            0.45291302474926975
        ],
        "ECM": [
            0.42239836888509835,
            -0.022610942617452112,
            -0.28143079022750306,
            0.17476065804675955
        ]
    }
}