{
    "transforms": {
        "Cart_to_PSM1": {
            "translation": {
                "x": 0.04737861046362635,
                "y": 0.8872414718015393,
                "z": 0.23050878361696003
            },
            "rotation": {
                "x": -0.1688901603755443,
                "y": -0.9299446134987375,
                "z": 0.04200117572459495,
                "w": -0.323905898048737
            }
        },
        "Cart_to_PSM1_base": {
            "translation": {
                "x": -0.0038915355992893697,
                "y": 0.8940097420751116,
                "z": 0.33020646738041914
            },
            "rotation": {
                "x": 0.363218571825475,
                "y": -0.12049700338781918,
                "z": 0.2909047442229778,
                "w": -0.8768849246304685
            }
        },
        "Cart_to_PSM2": {
            "translation": {
                "x": 0.009273186603281289,
                "y": 0.8757989883506287,
                "z": 0.21713174922097125
            },
            "rotation": {
                "x": 0.04753968984608431,
                "y": -0.915786751647251,
                "z": 0.016148245487444663,
                "w": 0.39851453871143994
            }
        },
        "Cart_to_PSM2_base": {
            "translation": {
                "x": 0.10049686428387203,
                "y": 0.892352752283381,
                "z": 0.35417291382127275
            },
            "rotation": {
                "x": 0.3623236954959164,
                "y": 0.12316167596523009,
                "z": -0.2973378161897125,
                "w": -0.8747245076703584
            }
        },
        "Cart_to_PSM3": {
            "translation": {
                "x": 0.14969176436470308,
                "y": 0.6483088660822103,
                "z": 0.21164293389868913
            },
            "rotation": {
                "x": 0.8435755230093372,
                "y": 0.06859942405072143,
                "z": 0.07698633980150953,
                "w": -0.5270176083238579
            }
        },
        "Cart_to_PSM3_base": {
            "translation": {
                "x": 0.1472444403803715,
                "y": 0.5799983061252316,
                "z": 0.32378893488675736
            },
            "rotation": {
                "x": 0.12646879217193133,
                "y": 0.03229257943783706,
                "z": -0.2452859128853434,
                "w": -0.960623576048302
            }
        },
        "Cart_to_ECM": {
            "translation": {
                "x": 0.1213765830683854,
                "y": 1.0769621658457467,
                "z": 0.35241391052358767
            },
            "rotation": {
                "x": 0.9673876901515779,
                "y": -0.04375686999221667,
                "z": -0.07090432482385706,
                "w": 0.23920487033702323
            }
        },
        "Cart_to_ECM_base": {
            "translation": {
                "x": 0.16000433849122955,
                "y": 1.1885090594539442,
                "z": 0.5662981762876799
            },
            "rotation": {
                "x": -0.5723807089537676,
                "y": 0.03682299841049292,
                "z": -0.05259039739173059,
                "w": 0.8174708807705772
            }
        }
    },
    "jaw_angles": {
        "PSM1_jaw": 0.24134388752835972,
        "PSM2_jaw": 0.0,
        "PSM3_jaw": 0.31032304480393236
    },
    "suj_joint_angles": {
        "PSM1": [
            0.09804673840717784,
            -0.18727277663012276,
            -2.002619341530753,
            -0.02155020590039447
        ],
        "PSM2": [
            0.12201318484803139,
            0.07920568096869007,
            1.86735322367839,
            0.27957400722279124
        ],
        "PSM3": [
            0.21892215757122294,
            1.6879649941953496,
            -1.1331995449466878,
            2.640707914322195,
            0.44611624758568835
        ],
        "ECM": [
            0.4224750330847389,
            -0.02229094285724087,
            -0.28143118066018036,
            0.17523308354736322
        ]
    }
}