{
    "Cart_to_PSM1": {
        "translation": {
            "x": 0.05256212392067727,
            "y": 0.884410685861732,
            "z": 0.2461942854747764
        },
        "rotation": {
            "x": 0.29110685435306394,
            "y": -0.807224681844428,
            "z": 0.15608909331894674,
            "w": -0.4891638859489687
        }
    },
    "Cart_to_PSM1_base": {
        "translation": {
            "x": -0.0055714832437926964,
            "y": 0.8930649083234323,
            "z": 0.32839980790311396
        },
        "rotation": {
            "x": 0.36389228414998837,
            "y": -0.1184468837939022,
            "z": 0.2859553305502123,
            "w": -0.8785114058369059
        }
    },
    "Cart_to_PSM2": {
        "translation": {
            "x": 0.015358591375100261,
            "y": 0.8784673908106947,
            "z": 0.2543170973668194
        },
        "rotation": {
            "x": -0.1293476871405842,
            "y": -0.8620479364479174,
            "z": 0.09585123690462867,
            "w": 0.4805778516339697
        }
    },
    "Cart_to_PSM2_base": {
        "translation": {
            "x": 0.09595677152945285,
            "y": 0.8900159472965476,
            "z": 0.3541390931293351
        },
        "rotation": {
            "x": 0.3620535676518449,
            "y": 0.12395351102309693,
            "z": -0.2992494701603445,
            "w": -0.8740723630594731
        }
    },
    "Cart_to_ECM": {
        "translation": {
            "x": 0.12281745272674999,
            "y": 1.0643813347407844,
            "z": 0.3602281857789618
        },
        "rotation": {
            "x": 0.9596836363810602,
            "y": -0.029030935322919137,
            "z": -0.07156105208931601,
            "w": 0.2702656816552403
        }
    },
    "Cart_to_ECM_base": {
        "translation": {
            "x": 0.16034240555027937,
            "y": 1.190552476893136,
            "z": 0.5670882898974
        },
        "rotation": {
            "x": -0.5733710069426595,
            "y": 0.014876074479430096,
            "z": -0.021245925162880694,
            "w": 0.8188852187392422
        }
    }
}