{
    "transforms": {
        "Cart_to_PSM1": {
            "translation": {
                "x": 0.05134479329423294,
                "y": 0.9628833991966371,
                "z": 0.20554264418649476
            },
            "rotation": {
                "x": 0.8569226725211643,
                "y": -0.0018033393310818852,
                "z": 0.4771605940603452,
                "w": 0.19493088201314127
            }
        },
        "Cart_to_PSM1_base": {
            "translation": {
                "x": -0.08674159226516776,
                "y": 0.9482940069899556,
                "z": 0.33808751109838786
            },
            "rotation": {
                "x": 0.3681305856572584,
                "y": -0.10453291657667385,
                "z": 0.2523641294360452,
                "w": -0.8887435442407473
            }
        },
        "Cart_to_PSM2": {
            "translation": {
                "x": -0.037667124739977145,
                "y": 0.9450648064843705,
                "z": 0.21476227493243072
            },
            "rotation": {
                "x": 0.1619698357965712,
                "y": -0.9361399491248643,
                "z": 0.013120661574995196,
                "w": 0.3118262596132065
            }
        },
        "Cart_to_PSM2_base": {
            "translation": {
                "x": 0.1320893168375306,
                "y": 0.9485159189123298,
                "z": 0.32127534986088147
            },
            "rotation": {
                "x": 0.3526862107957396,
                "y": 0.14852506676963673,
                "z": -0.35857029921533806,
                "w": -0.8514576218322562
            }
        },
        "Cart_to_PSM3": {
            "translation": {
                "x": 0.7310657919358189,
                "y": 0.284618059161559,
                "z": 0.2836079352394569
            },
            "rotation": {
                "x": 0.7279792664802461,
                "y": -0.63086896389531,
                "z": 0.2276972153713831,
                "w": -0.14214259066394955
            }
        },
        "Cart_to_PSM3_base": {
            "translation": {
                "x": 0.7196026771560954,
                "y": 0.2562858109811451,
                "z": 0.3260831236247576
            },
            "rotation": {
                "x": 0.1304806888875816,
                "y": -0.003457731568284309,
                "z": 0.02626401665657353,
                "w": -0.9910968849456078
            }
        },
        "Cart_to_ECM": {
            "translation": {
                "x": 0.0852745458131704,
                "y": 1.0587546279301319,
                "z": 0.2799867360718844
            },
            "rotation": {
                "x": 0.9556929557772823,
                "y": -0.040589026995028844,
                "z": 0.004587754056488464,
                "w": 0.29151750835583723
            }
        },
        "Cart_to_ECM_base": {
            "translation": {
                "x": 0.08892133476463399,
                "y": 1.1952595715866583,
                "z": 0.48318481702100147
            },
            "rotation": {
                "x": -0.571944200353451,
                "y": 0.04307482880300739,
                "z": -0.06151922608467992,
                "w": 0.8168474616644072
            }
        }
    },
    "jaw_angles": {
        "PSM1_jaw": 1.4248614236299844,
        "PSM2_jaw": 1.4075479464703582,
        "PSM3_jaw": 1.051726039004682
    },
    "suj_joint_angles": {
        "PSM1": [
            0.1059277821251467,
            -0.18591537435417682,
            -1.9087165188659334,
            -0.029511214673098918
        ],
        "PSM2": [
            0.0891156208876405,
            0.27383177455991836,
            1.4129120084464402,
            0.68122078853607
        ],
        "PSM3": [
            0.2212163463092231,
            1.6883235270673391,
            -1.9443332768129753,
            2.009368093306624,
            1.3352468136502709
        ],
        "ECM": [
            0.33936167381806065,
            0.10239312909791676,
            -0.2841333839531619,
            0.03139809208352973
        ]
    }
}