{
    "transforms": {
        "Cart_to_PSM1": {
            "translation": {
                "x": 0.015271035393298785,
                "y": 1.0659574143095891,
                "z": 0.2613276113072848
            },
            "rotation": {
                "x": 0.661629205776573,
                "y": 0.49263067663040083,
                "z": -0.009316734336499655,
                "w": 0.5652212035720507
            }
        },
        "Cart_to_PSM1_base": {
            "translation": {
                "x": -0.04781233469707093,
                "y": 1.0685023460473864,
                "z": 0.35149069476262557
            },
            "rotation": {
                "x": 0.3485877448297358,
                "y": -0.15790453729675072,
                "z": 0.381214285355435,
                "w": -0.8415630754117978
            }
        },
        "Cart_to_PSM2": {
            "translation": {
                "x": -0.06988034740009312,
                "y": 1.054140773723491,
                "z": 0.24675585276715345
            },
            "rotation": {
                "x": 0.4360195312078581,
                "y": -0.5382659076203355,
                "z": -0.5265811233716585,
                "w": 0.49281751349518615
            }
        },
        "Cart_to_PSM2_base": {
            "translation": {
                "x": 0.011115599916700018,
                "y": 1.0550682708244534,
                "z": 0.3268878851753689
            },
            "rotation": {
                "x": 0.33016750962791763,
                "y": 0.1934855920488157,
                "z": -0.4671143271890033,
                "w": -0.7970928092702774
            }
        },
        "Cart_to_PSM3": {
            "translation": {
                "x": -0.03820246164218581,
                "y": 0.583504518273577,
                "z": 0.27281646229634016
            },
            "rotation": {
                "x": -0.3575565864841108,
                "y": -0.9216138061574605,
                "z": -0.10910836168044055,
                "w": 0.10429115577650613
            }
        },
        "Cart_to_PSM3_base": {
            "translation": {
                "x": -0.0318534472239531,
                "y": 0.5614790633510434,
                "z": 0.344900925627981
            },
            "rotation": {
                "x": 0.12106827379796056,
                "y": 0.04878154527849856,
                "z": -0.37053174673232864,
                "w": -0.9196026634276964
            }
        },
        "Cart_to_ECM": {
            "translation": {
                "x": 0.05184944279179689,
                "y": 1.154050874248729,
                "z": 0.3525555637118611
            },
            "rotation": {
                "x": 0.989000426950268,
                "y": -0.12246042217789055,
                "z": 0.007172540454626174,
                "w": 0.08264475274103664
            }
        },
        "Cart_to_ECM_base": {
            "translation": {
                "x": 0.05333952386819048,
                "y": 1.1947178568249104,
                "z": 0.5952943935750922
            },
            "rotation": {
                "x": -0.570230000905424,
                "y": 0.06175237049504258,
                "z": -0.08819438515061977,
                "w": 0.8143992517393096
            }
        }
    },
    "jaw_angles": {
        "PSM1_jaw": 1.3940303846680893,
        "PSM2_jaw": 1.4130014945021538,
        "PSM3_jaw": 1.5366012208970061
    },
    "suj_joint_angles": {
        "PSM1": [
            0.11933096578938418,
            -0.6257638517276156,
            -1.0421968988854056,
            -0.7535002396702084
        ],
        "PSM2": [
            0.0947281562021276,
            0.9534927438102332,
            0.39231116266375965,
            1.2851494822359588
        ],
        "PSM3": [
            0.2400341483124462,
            1.7006223604798407,
            -0.7022489146199578,
            2.5100815323889876,
            0.399190019296216
        ],
        "ECM": [
            0.4514712503721513,
            -0.01561645973049619,
            0.14270407726615697,
            -0.34283443432899285
        ]
    }
}