{
    "transforms": {
        "Cart_to_PSM1": {
            "translation": {
                "x": 0.016446412998629742,
                "y": 0.9669952368165754,
                "z": 0.26220428852636424
            },
            "rotation": {
                "x": 0.8048104991379809,
                "y": 0.15438948358256727,
                "z": 0.5729238543203596,
                "w": -0.014219879995472667
            }
        },
        "Cart_to_PSM1_base": {
            "translation": {
                "x": -0.05368662164419872,
                "y": 0.9693039095356932,
                "z": 0.31145052066811013
            },
            "rotation": {
                "x": 0.3527852964275376,
                "y": -0.14828955920399856,
                "z": 0.3580017351330918,
                "w": -0.8516968350870595
            }
        },
        "Cart_to_PSM2": {
            "translation": {
                "x": -0.0877505598076937,
                "y": 0.9441834076326646,
                "z": 0.2693544287127877
            },
            "rotation": {
                "x": 0.009374944064894225,
                "y": -0.9161040696702889,
                "z": 0.10638507145160454,
                "w": 0.38645525035837136
            }
        },
        "Cart_to_PSM2_base": {
            "translation": {
                "x": -0.011529699463813187,
                "y": 0.9757090556042222,
                "z": 0.3479348045184109
            },
            "rotation": {
                "x": 0.3232442845410954,
                "y": 0.20484235708441045,
                "z": -0.4945319121495775,
                "w": -0.7803787087826658
            }
        },
        "Cart_to_PSM3": {
            "translation": {
                "x": -0.11585194720163516,
                "y": 0.633908556746732,
                "z": 0.39025232404385524
            },
            "rotation": {
                "x": -0.4595421777889031,
                "y": -0.8844326376611742,
                "z": -0.0359805267576253,
                "w": 0.07283747639075985
            }
        },
        "Cart_to_PSM3_base": {
            "translation": {
                "x": -0.11244680549178454,
                "y": 0.6254926853094738,
                "z": 0.43271441314842185
            },
            "rotation": {
                "x": 0.1175741295298269,
                "y": 0.05668765425980862,
                "z": -0.43058446449631754,
                "w": -0.8930620655107032
            }
        },
        "Cart_to_ECM": {
            "translation": {
                "x": 0.062170630368097,
                "y": 1.0493730090084505,
                "z": 0.3016559120008755
            },
            "rotation": {
                "x": 0.942019488499332,
                "y": -0.09465302614144538,
                "z": -0.05307566990886078,
                "w": 0.31752647321672145
            }
        },
        "Cart_to_ECM_base": {
            "translation": {
                "x": 0.10141059351780235,
                "y": 1.193529386255615,
                "z": 0.49594117105367375
            },
            "rotation": {
                "x": -0.5713452322973627,
                "y": 0.05040074131825208,
                "z": -0.07198205277084098,
                "w": 0.8159920188853192
            }
        }
    },
    "jaw_angles": {
        "PSM1_jaw": 0.22751484275451195,
        "PSM2_jaw": 0.0,
        "PSM3_jaw": 0.0
    },
    "suj_joint_angles": {
        "PSM1": [
            0.07929079169486894,
            -0.3507018951915324,
            -1.48816056960832,
            -0.5277667867219746
        ],
        "PSM2": [
            0.11577507554516975,
            0.7852917461559092,
            0.6956617740723268,
            1.2195157343319054
        ],
        "PSM3": [
            0.32784763583288756,
            1.7026601341861354,
            -0.2748849368337922,
            2.2577202419530984,
            0.3546191995801249
        ],
        "ECM": [
            0.3521180278507328,
            0.09852287235539436,
            -0.2820545182609,
            0.007558835135153652
        ]
    }
}