{
    "transforms": {
        "Cart_to_PSM1": {
            "translation": {
                "x": 0.044983085812270486,
                "y": 0.9779828844167016,
                "z": 0.2780054157091476
            },
            "rotation": {
                "x": -0.13828140726361454,
                "y": -0.7233167155589715,
                "z": -0.02117240951758617,
                "w": -0.6761973901705006
            }
        },
        "Cart_to_PSM1_base": {
            "translation": {
                "x": -0.06654835731721499,
                "y": 1.0032151253978443,
                "z": 0.35428161000762254
            },
            "rotation": {
                "x": 0.3501725118808869,
                "y": -0.15435825428985667,
                "z": 0.37265282306128555,
                "w": -0.8453890315825446
            }
        },
        "Cart_to_PSM2": {
            "translation": {
                "x": -0.10195680888164206,
                "y": 0.944970349467538,
                "z": 0.27913647383752405
            },
            "rotation": {
                "x": 0.9277927376620898,
                "y": -0.019001408150440546,
                "z": -0.35439077600043656,
                "w": -0.1150945711821091
            }
        },
        "Cart_to_PSM2_base": {
            "translation": {
                "x": -0.03604017969227681,
                "y": 0.9774886547327187,
                "z": 0.3334047690632726
            },
            "rotation": {
                "x": 0.31533599787939653,
                "y": 0.216818973306736,
                "z": -0.5234459463650091,
                "w": -0.7612864654580814
            }
        },
        "Cart_to_PSM3": {
            "translation": {
                "x": -0.03681280069451111,
                "y": 0.5834562918808792,
                "z": 0.27338487450338833
            },
            "rotation": {
                "x": -0.3590206229383536,
                "y": -0.9217731096048523,
                "z": -0.10587941217959666,
                "w": 0.10113395468813144
            }
        },
        "Cart_to_PSM3_base": {
            "translation": {
                "x": -0.030965822865778883,
                "y": 0.5620514898978879,
                "z": 0.34500803722100215
            },
            "rotation": {
                "x": 0.12109030866241183,
                "y": 0.04872682247200183,
                "z": -0.3701160867330066,
                "w": -0.919770034444083
            }
        },
        "Cart_to_ECM": {
            "translation": {
                "x": 0.06573778844675639,
                "y": 1.0632945652409191,
                "z": 0.32596248140334455
            },
            "rotation": {
                "x": 0.9522193654401259,
                "y": -0.09451267606061578,
                "z": -0.04938988076520458,
                "w": 0.2861927214704527
            }
        },
        "Cart_to_ECM_base": {
            "translation": {
                "x": 0.1016492295139019,
                "y": 1.1931412190810184,
                "z": 0.5274606026352969
            },
            "rotation": {
                "x": -0.5711950127162877,
                "y": 0.05207558585745021,
                "z": -0.07437405623845379,
                "w": 0.8157774761319919
            }
        }
    },
    "jaw_angles": {
        "PSM1_jaw": 1.407047058568835,
        "PSM2_jaw": 1.4056623060262021,
        "PSM3_jaw": 0.0
    },
    "suj_joint_angles": {
        "PSM1": [
            0.12212188103438135,
            -0.4456777452582279,
            -1.292660239197822,
            -0.6628227524773558
        ],
        "PSM2": [
            0.10124504009003146,
            0.9772153892574342,
            0.36651202162566043,
            1.431753318850013
        ],
        "PSM3": [
            0.24014125990546792,
            1.70062206971964,
            -0.7025580892539189,
            2.5094360806429368,
            0.3992410195897176
        ],
        "ECM": [
            0.383637459432356,
            0.10228595410392272,
            -0.28288683889594823,
            -0.0012355035524074243
        ]
    }
}