{
    "transforms": {
        "Cart_to_PSM1": {
            "translation": {
                "x": 0.04637899825432864,
                "y": 0.9813788400295265,
                "z": 0.27178582707078824
            },
            "rotation": {
                "x": -0.3320461435345465,
                "y": -0.8238636386691642,
                "z": 0.14128786311718275,
                "w": -0.43707185127667614
            }
        },
        "Cart_to_PSM1_base": {
            "translation": {
                "x": -0.08164418209317863,
                "y": 0.9981714562598987,
                "z": 0.3659966331293007
            },
            "rotation": {
                "x": 0.34452244299265766,
                "y": -0.16658794980055658,
                "z": 0.40217784314012267,
                "w": -0.8317485940732197
            }
        },
        "Cart_to_PSM2": {
            "translation": {
                "x": -0.11596948467021413,
                "y": 0.9206165368193273,
                "z": 0.28095439581317744
            },
            "rotation": {
                "x": 0.20733357228807647,
                "y": -0.9561699228706672,
                "z": -0.13311976930794228,
                "w": 0.15821186876833296
            }
        },
        "Cart_to_PSM2_base": {
            "translation": {
                "x": -0.07485997254562334,
                "y": 0.9420296833899784,
                "z": 0.33986255223579737
            },
            "rotation": {
                "x": -0.30926809504202696,
                "y": -0.22538967175418165,
                "z": 0.5441373890529393,
                "w": 0.7466372901819656
            }
        },
        "Cart_to_PSM3": {
            "translation": {
                "x": -0.03998368400313028,
                "y": 0.5845984995185446,
                "z": 0.2723092211719309
            },
            "rotation": {
                "x": -0.3549752846210443,
                "y": -0.9212145925556537,
                "z": -0.11307298111426858,
                "w": 0.11211923435638561
            }
        },
        "Cart_to_PSM3_base": {
            "translation": {
                "x": -0.032623018395836326,
                "y": 0.561330832606219,
                "z": 0.34496339409093935
            },
            "rotation": {
                "x": 0.12104452041125469,
                "y": 0.048840456166844765,
                "z": -0.37097921829633473,
                "w": -0.9194222389697045
            }
        },
        "Cart_to_ECM": {
            "translation": {
                "x": 0.05871372562151432,
                "y": 1.0057230433695743,
                "z": 0.3154376938909654
            },
            "rotation": {
                "x": 0.9163909970623607,
                "y": -0.33024780915967683,
                "z": -0.04816233710161394,
                "w": 0.2210074983641887
            }
        },
        "Cart_to_ECM_base": {
            "translation": {
                "x": 0.11592344188633559,
                "y": 1.0968811747449574,
                "z": 0.534675879287717
            },
            "rotation": {
                "x": -0.5414359119254388,
                "y": 0.1892690214267121,
                "z": -0.2703129424663694,
                "w": 0.7732756972392295
            }
        }
    },
    "jaw_angles": {
        "PSM1_jaw": 1.405465662176793,
        "PSM2_jaw": -0.0314492720982501,
        "PSM3_jaw": 1.5356637608246042
    },
    "suj_joint_angles": {
        "PSM1": [
            0.13383690415605964,
            -0.502833333806249,
            -1.1118504997327305,
            -0.8568872742769136
        ],
        "PSM2": [
            0.1077028232625562,
            0.9393333919087472,
            0.49635133770677564,
            1.3946797940937938
        ],
        "PSM3": [
            0.24009661677540525,
            1.7009439254838625,
            -0.7012591355690256,
            2.509897184091632,
            0.39903630357325304
        ],
        "ECM": [
            0.39085273608477594,
            0.14080557507747304,
            0.16609387851854684,
            -0.9794804387721502
        ]
    }
}