{
    "transforms": {
        "Cart_to_PSM1": {
            "translation": {
                "x": -0.0027220841816539137,
                "y": 0.9296752154558472,
                "z": 0.21857446853032997
            },
            "rotation": {
                "x": 0.8843550225705847,
                "y": -0.2127354225609146,
                "z": 0.41285982314988984,
                "w": -0.046974466156108764
            }
        },
        "Cart_to_PSM1_base": {
            "translation": {
                "x": -0.10841898940701039,
                "y": 0.9196218491458759,
                "z": 0.40570550728973565
            },
            "rotation": {
                "x": 0.36350596761194764,
                "y": -0.11962721368853976,
                "z": 0.28880489158861555,
                "w": -0.8775787576338129
            }
        },
        "Cart_to_PSM2": {
            "translation": {
                "x": -0.05601090287511237,
                "y": 0.919474490117288,
                "z": 0.2016340693489432
            },
            "rotation": {
                "x": 0.2110389529411624,
                "y": -0.9372919968114899,
                "z": 0.05917037642628086,
                "w": 0.27100763754588236
            }
        },
        "Cart_to_PSM2_base": {
            "translation": {
                "x": -0.005085809264348387,
                "y": 0.8957605961708778,
                "z": 0.3366082821767164
            },
            "rotation": {
                "x": 0.3439708343668472,
                "y": 0.16772395132883317,
                "z": -0.40492038631322247,
                "w": -0.8304168965065495
            }
        },
        "Cart_to_PSM3": {
            "translation": {
                "x": 0.9664428205030896,
                "y": 0.013685744548429746,
                "z": 0.3410327285364717
            },
            "rotation": {
                "x": 0.8881599478471897,
                "y": -0.42960323614411355,
                "z": 0.08493209292114588,
                "w": -0.1392821098584322
            }
        },
        "Cart_to_PSM3_base": {
            "translation": {
                "x": 0.9037392788048791,
                "y": -0.020519286798152292,
                "z": 0.3913474059812556
            },
            "rotation": {
                "x": 0.11917921398580902,
                "y": -0.05323045212940483,
                "z": 0.40432446931019006,
                "w": -0.905253863530478
            }
        },
        "Cart_to_ECM": {
            "translation": {
                "x": 0.07843024249525207,
                "y": 1.0932462014242321,
                "z": 0.3375733825588616
            },
            "rotation": {
                "x": 0.9766570285373352,
                "y": -0.015936413729777173,
                "z": -0.026920336507086175,
                "w": 0.21251441082524652
            }
        },
        "Cart_to_ECM_base": {
            "translation": {
                "x": 0.09295038023041638,
                "y": 1.19458094963083,
                "z": 0.5597459339522121
            },
            "rotation": {
                "x": -0.571739952554799,
                "y": 0.045705971677592674,
                "z": -0.06527700940874052,
                "w": 0.8165557561172995
            }
        }
    },
    "jaw_angles": {
        "PSM1_jaw": 1.3853196551423668,
        "PSM2_jaw": 0.8732252343315161,
        "PSM3_jaw": 1.3906699362931083
    },
    "suj_joint_angles": {
        "PSM1": [
            0.17354577831649454,
            -0.12270851123778148,
            -1.8238829149446998,
            -0.2600634482372286
        ],
        "PSM2": [
            0.10444855320347532,
            0.31615902331135315,
            1.5615150067853705,
            0.6004969998083797
        ],
        "PSM3": [
            0.2864806286657213,
            1.6878946445018879,
            -3.057173937406319,
            2.331119995620169,
            1.339636007562931
        ],
        "ECM": [
            0.415922790749271,
            0.10285437652653506,
            -0.28569306193327537,
            0.02329419793387011
        ]
    }
}