{
    "transforms": {
        "Cart_to_PSM1": {
            "translation": {
                "x": 0.002982882644264606,
                "y": 0.936174036958833,
                "z": 0.20069347664893866
            },
            "rotation": {
                "x": 0.9837624790322124,
                "y": 0.0012041786868628862,
                "z": 0.1746569514409907,
                "w": 0.041290242375473685
            }
        },
        "Cart_to_PSM1_base": {
            "translation": {
                "x": -0.13252523984323203,
                "y": 0.9467103160081293,
                "z": 0.3886885179659472
            },
            "rotation": {
                "x": 0.3561938140714614,
                "y": -0.1399043443271406,
                "z": 0.3377580882337894,
                "w": -0.8599257032373633
            }
        },
        "Cart_to_PSM2": {
            "translation": {
                "x": -0.0576176629868512,
                "y": 0.9340433936933076,
                "z": 0.21486126221826563
            },
            "rotation": {
                "x": 0.6059003361551394,
                "y": -0.7404338641657897,
                "z": -0.04274861019232575,
                "w": 0.2877760097197659
            }
        },
        "Cart_to_PSM2_base": {
            "translation": {
                "x": 0.06099039047870398,
                "y": 0.9910799645305576,
                "z": 0.3776288035498965
            },
            "rotation": {
                "x": 0.3563720988594263,
                "y": 0.13944958192446924,
                "z": -0.3366601975252089,
                "w": -0.8603561196724908
            }
        },
        "Cart_to_PSM3": {
            "translation": {
                "x": -0.11796389921063827,
                "y": 0.6352144563651013,
                "z": 0.3887979765865257
            },
            "rotation": {
                "x": -0.2968771904110149,
                "y": -0.9462705384018143,
                "z": -0.09635154440567978,
                "w": 0.08457175566962552
            }
        },
        "Cart_to_PSM3_base": {
            "translation": {
                "x": -0.11384012582546882,
                "y": 0.6245226485703739,
                "z": 0.43283046755373583
            },
            "rotation": {
                "x": 0.11752659551835434,
                "y": 0.05678613762214596,
                "z": -0.4313325181314097,
                "w": -0.8927010097015915
            }
        },
        "Cart_to_ECM": {
            "translation": {
                "x": 0.06801902982849967,
                "y": 1.0725069182448224,
                "z": 0.3242577592867215
            },
            "rotation": {
                "x": 0.9578815367347528,
                "y": -0.10726727213598096,
                "z": -0.03732257126020191,
                "w": 0.2637493499246981
            }
        },
        "Cart_to_ECM_base": {
            "translation": {
                "x": 0.09936421324117732,
                "y": 1.1942011709945664,
                "z": 0.5342509407863715
            },
            "rotation": {
                "x": -0.5716913511385499,
                "y": 0.04630991500463071,
                "z": -0.06613955784156896,
                "w": 0.8164863438503825
            }
        }
    },
    "jaw_angles": {
        "PSM1_jaw": 0.0,
        "PSM2_jaw": 1.4254642673858462,
        "PSM3_jaw": 0.0
    },
    "suj_joint_angles": {
        "PSM1": [
            0.15652878899270595,
            -0.22964207138745718,
            -1.5164529101565363,
            -0.5732278046358799
        ],
        "PSM2": [
            0.1454690745766553,
            0.3593769735058885,
            1.5117649593523428,
            0.4456280377424713
        ],
        "PSM3": [
            0.32796369023820127,
            1.702588330691671,
            -0.27364787143724767,
            2.2580427562758456,
            0.3548070176191067
        ],
        "ECM": [
            0.3904277975834306,
            0.09429816187280493,
            -0.28553646293576906,
            0.029581073563037963
        ]
    }
}