{
    "transforms": {
        "Cart_to_PSM1": {
            "translation": {
                "x": 0.011262687419818111,
                "y": 0.9014262731012745,
                "z": 0.1951913135422802
            },
            "rotation": {
                "x": 0.9287018869324197,
                "y": 0.06547138552367435,
                "z": 0.3299824789073671,
                "w": 0.15600598225684326
            }
        },
        "Cart_to_PSM1_base": {
            "translation": {
                "x": -0.12062560093676411,
                "y": 0.9156995980061552,
                "z": 0.3839551740373699
            },
            "rotation": {
                "x": 0.3617090574477158,
                "y": -0.12495525801128603,
                "z": 0.3016678950438024,
                "w": -0.8732406440125536
            }
        },
        "Cart_to_PSM2": {
            "translation": {
                "x": -0.03718081861496447,
                "y": 0.8853481219068999,
                "z": 0.20127207697344382
            },
            "rotation": {
                "x": -0.042582101151960434,
                "y": -0.9547191130228694,
                "z": 0.06320063377398433,
                "w": 0.28758278769925866
            }
        },
        "Cart_to_PSM2_base": {
            "translation": {
                "x": 0.08152156894260268,
                "y": 0.933453904629196,
                "z": 0.3536995692174399
            },
            "rotation": {
                "x": 0.3589955008148905,
                "y": 0.13254994960032207,
                "z": -0.3200030548572816,
                "w": -0.8666895558027833
            }
        },
        "Cart_to_PSM3": {
            "translation": {
                "x": 0.9367608434788136,
                "y": 0.3505403707027316,
                "z": 0.3140718378845534
            },
            "rotation": {
                "x": -0.6796006669925816,
                "y": -0.7179026783760715,
                "z": -0.12607141268929117,
                "w": 0.08285334456875
            }
        },
        "Cart_to_PSM3_base": {
            "translation": {
                "x": 0.860074355376351,
                "y": 0.2561229784878951,
                "z": 0.43571381793204833
            },
            "rotation": {
                "x": 0.13037359460778866,
                "y": -0.006316004213121441,
                "z": 0.047974701500244236,
                "w": -0.9902834250535482
            }
        },
        "Cart_to_ECM": {
            "translation": {
                "x": 0.06407854129657442,
                "y": 1.0775483990995247,
                "z": 0.3226223243096341
            },
            "rotation": {
                "x": 0.9606413556751999,
                "y": -0.10497435686674125,
                "z": -0.034978046291787565,
                "w": 0.2548040550001859
            }
        },
        "Cart_to_ECM_base": {
            "translation": {
                "x": 0.09349504854711635,
                "y": 1.1950713731296192,
                "z": 0.5340979236578799
            },
            "rotation": {
                "x": -0.5718710782784712,
                "y": 0.0440349749968762,
                "z": -0.062890501430778,
                "w": 0.8167430291318246
            }
        }
    },
    "jaw_angles": {
        "PSM1_jaw": 1.3883528992432965,
        "PSM2_jaw": 1.3967998897533545,
        "PSM3_jaw": 0.42383611495593265
    },
    "suj_joint_angles": {
        "PSM1": [
            0.15179544506412843,
            -0.11786541702733921,
            -1.7662480257284505,
            -0.3519282936525314
        ],
        "PSM2": [
            0.12153984024419864,
            0.2040394145479747,
            1.7076991670749693,
            0.36645307821143114
        ],
        "PSM3": [
            0.3308470406165138,
            1.6908262789264512,
            -1.710830699230219,
            1.810409991566594,
            1.2543719251827739
        ],
        "ECM": [
            0.390274780454939,
            0.09582391443795268,
            -0.2807038233151151,
            0.03118005020370873
        ]
    }
}