{
    "transforms": {
        "Cart_to_PSM1": {
            "translation": {
                "x": 0.018236287107101318,
                "y": 1.0678146379980924,
                "z": 0.27329831224746787
            },
            "rotation": {
                "x": -0.6484944257344878,
                "y": -0.6515175543749151,
                "z": -0.1426568780611302,
                "w": -0.3669180716106506
            }
        },
        "Cart_to_PSM1_base": {
            "translation": {
                "x": -0.048160279942589146,
                "y": 1.068337662581534,
                "z": 0.3513719017769775
            },
            "rotation": {
                "x": 0.34860963626401537,
                "y": -0.15785620117135968,
                "z": 0.38109759192905673,
                "w": -0.8416159258720645
            }
        },
        "Cart_to_PSM2": {
            "translation": {
                "x": -0.07750608009530964,
                "y": 1.0466772938140314,
                "z": 0.2599744687013606
            },
            "rotation": {
                "x": 0.4776448014295298,
                "y": -0.7628672448232869,
                "z": -0.1942564269509814,
                "w": 0.39006852094383426
            }
        },
        "Cart_to_PSM2_base": {
            "translation": {
                "x": 0.011649242771656777,
                "y": 1.0550102967450457,
                "z": 0.32700621096323457
            },
            "rotation": {
                "x": 0.33019069454838523,
                "y": 0.193446023422651,
                "z": -0.4670188003231882,
                "w": -0.7971487824743313
            }
        },
        "Cart_to_PSM3": {
            "translation": {
                "x": -0.038809273857444135,
                "y": 0.5830732606950764,
                "z": 0.27293155851200873
            },
            "rotation": {
                "x": -0.35670682088853123,
                "y": -0.9221516016121208,
                "z": -0.10736121798516228,
                "w": 0.10426042609034615
            }
        },
        "Cart_to_PSM3_base": {
            "translation": {
                "x": -0.03251667027565447,
                "y": 0.5611586027647734,
                "z": 0.34492768668002916
            },
            "rotation": {
                "x": 0.12103533881161083,
                "y": 0.048863205369016685,
                "z": -0.37115201523356656,
                "w": -0.9193524979614112
            }
        },
        "Cart_to_ECM": {
            "translation": {
                "x": 0.05154107118035901,
                "y": 1.1542566628579263,
                "z": 0.3524256102186984
            },
            "rotation": {
                "x": 0.9890869862847655,
                "y": -0.12200128246490578,
                "z": 0.0072441038429255375,
                "w": 0.08228088233940753
            }
        },
        "Cart_to_ECM_base": {
            "translation": {
                "x": 0.05295610894737303,
                "y": 1.1947709002300448,
                "z": 0.5953026883430325
            },
            "rotation": {
                "x": -0.5702553752544463,
                "y": 0.06151760876177896,
                "z": -0.08785909977523906,
                "w": 0.8144354912406064
            }
        }
    },
    "jaw_angles": {
        "PSM1_jaw": 1.3423791148278992,
        "PSM2_jaw": 1.2587400612528992,
        "PSM3_jaw": 0.0
    },
    "suj_joint_angles": {
        "PSM1": [
            0.11921217280373642,
            -0.624956352819013,
            -1.0429715327274176,
            -0.7532557880019721
        ],
        "PSM2": [
            0.09484648198999346,
            0.9530107672409192,
            0.3921668064851205,
            1.2855361352109198
        ],
        "PSM3": [
            0.24006090936449484,
            1.6999074269773327,
            -0.6992187564099395,
            2.508791051997443,
            0.39951445083997583
        ],
        "ECM": [
            0.4514795451400916,
            -0.015936078185264657,
            0.14348365596776236,
            -0.3424710197746961
        ]
    }
}