{
    "transforms": {
        "Cart_to_PSM1": {
            "translation": {
                "x": 0.017817754651367687,
                "y": 0.8952563811375289,
                "z": 0.24932434421083743
            },
            "rotation": {
                "x": 0.8696373570878717,
                "y": -0.17271030841304308,
                "z": 0.4618890242915929,
                "w": 0.023675847694514494
            }
        },
        "Cart_to_PSM1_base": {
            "translation": {
                "x": -0.1344467477756581,
                "y": 0.9195037274405657,
                "z": 0.40942962796430715
            },
            "rotation": {
                "x": 0.36457442604290474,
                "y": -0.1163303340486418,
                "z": 0.2808455407216761,
                "w": -0.88015823776885
            }
        },
        "Cart_to_PSM2": {
            "translation": {
                "x": -0.05137202581650302,
                "y": 0.8719438560365096,
                "z": 0.260799939145734
            },
            "rotation": {
                "x": 0.21615607588314642,
                "y": -0.9189888190292035,
                "z": 0.04256239064452303,
                "w": 0.3269931868720396
            }
        },
        "Cart_to_PSM2_base": {
            "translation": {
                "x": 0.014515166960591581,
                "y": 0.8827884568962013,
                "z": 0.3469290664108279
            },
            "rotation": {
                "x": 0.35234228777513066,
                "y": 0.14933911406516703,
                "z": -0.36053557813210474,
                "w": -0.8506273203680724
            }
        },
        "Cart_to_PSM3": {
            "translation": {
                "x": 0.9664717153064879,
                "y": 0.014023264860343332,
                "z": 0.3439509871451381
            },
            "rotation": {
                "x": 0.8907748145506569,
                "y": -0.4236349723955129,
                "z": 0.09191937276574098,
                "w": -0.13639819953375068
            }
        },
        "Cart_to_PSM3_base": {
            "translation": {
                "x": 0.9037422639488546,
                "y": -0.020046615248326294,
                "z": 0.39117780109928646
            },
            "rotation": {
                "x": 0.11918764817124543,
                "y": -0.053211564566206966,
                "z": 0.40418100436369775,
                "w": -0.905317927377657
            }
        },
        "Cart_to_ECM": {
            "translation": {
                "x": 0.05871547627294477,
                "y": 1.0548887725502016,
                "z": 0.36269586159718037
            },
            "rotation": {
                "x": 0.9493390311858055,
                "y": -0.052157325537960916,
                "z": -0.055538654329445436,
                "w": 0.30487780361186984
            }
        },
        "Cart_to_ECM_base": {
            "translation": {
                "x": 0.09219806405060968,
                "y": 1.1946880901818508,
                "z": 0.5597883655481884
            },
            "rotation": {
                "x": -0.5717584270570978,
                "y": 0.04547428156167276,
                "z": -0.06494611089982139,
                "w": 0.8165821412966557
            }
        }
    },
    "jaw_angles": {
        "PSM1_jaw": 0.1394964729464917,
        "PSM2_jaw": 0.5532664768920353,
        "PSM3_jaw": 1.5707963267948968
    },
    "suj_joint_angles": {
        "PSM1": [
            0.17726989899106593,
            -0.09493938463617235,
            -1.8159766666118076,
            -0.27762622387434055
        ],
        "PSM2": [
            0.1147693374375866,
            0.20307590054832292,
            1.762992173451641,
            0.40651501685296565
        ],
        "PSM3": [
            0.28631102378375156,
            1.6886458674318954,
            -3.0574217907184678,
            2.331258415505894,
            1.3393111675377662
        ],
        "ECM": [
            0.4159652223452477,
            0.10310337114710033,
            -0.28491354830378324,
            0.02307615034341781
        ]
    }
}