{
    "transforms": {
        "Cart_to_PSM1": {
            "translation": {
                "x": 0.02503858381221477,
                "y": 0.9678111759713238,
                "z": 0.19553903822564223
            },
            "rotation": {
                "x": 0.8419469471683918,
                "y": -0.020842655985959455,
                "z": 0.5384386657977959,
                "w": 0.0278338825744055
            }
        },
        "Cart_to_PSM1_base": {
            "translation": {
                "x": -0.03470847900528974,
                "y": 0.976224381258449,
                "z": 0.2947218533234607
            },
            "rotation": {
                "x": 0.35265144305182217,
                "y": -0.1486075989236395,
                "z": 0.3587695489433418,
                "w": -0.8513736852913705
            }
        },
        "Cart_to_PSM2": {
            "translation": {
                "x": -0.09293619345577057,
                "y": 0.9340244981838433,
                "z": 0.20118279859708316
            },
            "rotation": {
                "x": 0.014682541941345773,
                "y": -0.8736578962758379,
                "z": -0.009971473029688649,
                "w": 0.48621689909199617
            }
        },
        "Cart_to_PSM2_base": {
            "translation": {
                "x": -0.0004882796253777716,
                "y": 0.9430172633735876,
                "z": 0.34240688829386745
            },
            "rotation": {
                "x": 0.31741698712683775,
                "y": 0.2137608828286942,
                "z": -0.5160630820338336,
                "w": -0.7663104048734815
            }
        },
        "Cart_to_PSM3": {
            "translation": {
                "x": -0.13058861475019784,
                "y": 0.6414890048486883,
                "z": 0.39074199273406174
            },
            "rotation": {
                "x": -0.2886759693052015,
                "y": -0.9214118059973151,
                "z": -0.12550271554254247,
                "w": 0.227849812170027
            }
        },
        "Cart_to_PSM3_base": {
            "translation": {
                "x": -0.11426551815424059,
                "y": 0.6241602618767267,
                "z": 0.4326697842046389
            },
            "rotation": {
                "x": 0.11751708907544298,
                "y": 0.05680580828938653,
                "z": -0.4314819313295851,
                "w": -0.8926288012695509
            }
        },
        "Cart_to_ECM": {
            "translation": {
                "x": 0.0678069702029556,
                "y": 1.0711706601673185,
                "z": 0.28596041625048857
            },
            "rotation": {
                "x": 0.9567722258087359,
                "y": -0.11202764171432918,
                "z": -0.04045270832030107,
                "w": 0.2653305368827266
            }
        },
        "Cart_to_ECM_base": {
            "translation": {
                "x": 0.10138690131069808,
                "y": 1.1935241724138552,
                "z": 0.4959752839378032
            },
            "rotation": {
                "x": -0.5713424299617803,
                "y": 0.05043249864645721,
                "z": -0.07202740840678865,
                "w": 0.8159880166055412
            }
        }
    },
    "jaw_angles": {
        "PSM1_jaw": 0.0,
        "PSM2_jaw": 0.0353111898371275,
        "PSM3_jaw": 0.0008332978421350373
    },
    "suj_joint_angles": {
        "PSM1": [
            0.06256212435021938,
            -0.3781787139670574,
            -1.4918865787643,
            -0.49836732218391955
        ],
        "PSM2": [
            0.11024715932062631,
            0.7958550478073467,
            0.6217155338041556,
            1.338578328338951
        ],
        "PSM3": [
            0.32780300688910435,
            1.7031604325657845,
            -0.27469927196874666,
            2.259010426174254,
            0.3546534040164949
        ],
        "ECM": [
            0.3521521407348623,
            0.09862947539122446,
            -0.28205425797244854,
            0.00734080467659437
        ]
    }
}