{
    "transforms": {
        "Cart_to_PSM1": {
            "translation": {
                "x": 0.0328297891598648,
                "y": 0.9656338161149979,
                "z": 0.2794686887016169
            },
            "rotation": {
                "x": 0.33832444018095764,
                "y": -0.72022315120047,
                "z": 0.3823111721603224,
                "w": -0.46973753660156564
            }
        },
        "Cart_to_PSM1_base": {
            "translation": {
                "x": -0.08162626389663621,
                "y": 0.9982523412884229,
                "z": 0.3659457247467909
            },
            "rotation": {
                "x": 0.34453392865136556,
                "y": -0.16656419408875883,
                "z": 0.402120491927478,
                "w": -0.831776322834223
            }
        },
        "Cart_to_PSM2": {
            "translation": {
                "x": -0.10961869372576413,
                "y": 0.927451039557549,
                "z": 0.2776159936589971
            },
            "rotation": {
                "x": -0.1969412823810502,
                "y": -0.7912856250877419,
                "z": 0.3678815172818666,
                "w": 0.44692771234954853
            }
        },
        "Cart_to_PSM2_base": {
            "translation": {
                "x": -0.012653758579829935,
                "y": 0.9828094837377815,
                "z": 0.34981129849550396
            },
            "rotation": {
                "x": 0.3161101851474788,
                "y": 0.21568868674645067,
                "z": -0.520717200309307,
                "w": -0.76315551400593
            }
        },
        "Cart_to_PSM3": {
            "translation": {
                "x": 0.14260093034585036,
                "y": 0.6566233589722424,
                "z": 0.3493999745686962
            },
            "rotation": {
                "x": -0.41944735014794376,
                "y": -0.9025279097766044,
                "z": -0.0773637507722138,
                "w": 0.05934764186214019
            }
        },
        "Cart_to_PSM3_base": {
            "translation": {
                "x": 0.1430666669595148,
                "y": 0.6494591913291523,
                "z": 0.3842237916909057
            },
            "rotation": {
                "x": 0.12353440867468315,
                "y": 0.042147549793227004,
                "z": -0.32014166743208317,
                "w": -0.9383347732518654
            }
        },
        "Cart_to_ECM": {
            "translation": {
                "x": 0.03293773607894385,
                "y": 1.0609598161897964,
                "z": 0.32305568255951916
            },
            "rotation": {
                "x": 0.9516396154181168,
                "y": -0.08635558828251914,
                "z": 0.00041015164731941696,
                "w": 0.29482975853001187
            }
        },
        "Cart_to_ECM_base": {
            "translation": {
                "x": 0.045222037540417995,
                "y": 1.1984579644235973,
                "z": 0.5254635401311966
            },
            "rotation": {
                "x": -0.5709119255336048,
                "y": 0.05509249021299045,
                "z": -0.07868278192075709,
                "w": 0.8153731726239549
            }
        }
    },
    "jaw_angles": {
        "PSM1_jaw": 0.3879521241153045,
        "PSM2_jaw": 0.25282147070507033,
        "PSM3_jaw": 0.20530375585601943
    },
    "suj_joint_angles": {
        "PSM1": [
            0.13378599577354952,
            -0.5028699453322468,
            -1.1119552617110715,
            -0.8566079979085082
        ],
        "PSM2": [
            0.11765156952226272,
            1.0296258953024886,
            0.21876175569439094,
            1.5199330997325373
        ],
        "PSM3": [
            0.2793570143753713,
            1.7004080161171817,
            -0.699218823111885,
            2.2717737215699154,
            0.526222608498546
        ],
        "ECM": [
            0.3816403969282557,
            0.05986124110255164,
            -0.013071885198560285,
            -0.23919182081291535
        ]
    }
}