{
    "transforms": {
        "Cart_to_PSM1": {
            "translation": {
                "x": 0.059782569640284756,
                "y": 0.9630608301921212,
                "z": 0.18169208606709866
            },
            "rotation": {
                "x": 0.5075049097863268,
                "y": -0.502963507894696,
                "z": 0.6846105424481078,
                "w": 0.14413494176618663
            }
        },
        "Cart_to_PSM1_base": {
            "translation": {
                "x": -0.07157560722513404,
                "y": 0.8986208385448383,
                "z": 0.354213735544171
            },
            "rotation": {
                "x": 0.36145759343501144,
                "y": -0.1256808135418919,
                "z": 0.30341953649642134,
                "w": -0.87263355775945
            }
        },
        "Cart_to_PSM2": {
            "translation": {
                "x": -0.040386884890480465,
                "y": 0.9317344956275266,
                "z": 0.19352256398958087
            },
            "rotation": {
                "x": 0.17504797550550058,
                "y": -0.8886901109314354,
                "z": -0.02675152419526256,
                "w": 0.4229331495134063
            }
        },
        "Cart_to_PSM2_base": {
            "translation": {
                "x": -0.005356249743966063,
                "y": 0.8954628825941419,
                "z": 0.3228136576447841
            },
            "rotation": {
                "x": 0.3439356895529948,
                "y": 0.16779600768816835,
                "z": -0.40509434530135235,
                "w": -0.8303320496406765
            }
        },
        "Cart_to_PSM3": {
            "translation": {
                "x": 0.9665700128422376,
                "y": 0.01433331743063082,
                "z": 0.337653276880283
            },
            "rotation": {
                "x": 0.8884834998613239,
                "y": -0.42793111147208196,
                "z": 0.08781997329531968,
                "w": -0.14056915237295442
            }
        },
        "Cart_to_PSM3_base": {
            "translation": {
                "x": 0.9038281360893594,
                "y": -0.01999290550671229,
                "z": 0.3913117056634848
            },
            "rotation": {
                "x": 0.1191827934019639,
                "y": -0.0532224373463009,
                "z": 0.4042635911324644,
                "w": -0.905281051831147
            }
        },
        "Cart_to_ECM": {
            "translation": {
                "x": 0.07685240128697549,
                "y": 1.0945722527420048,
                "z": 0.3371140269679551
            },
            "rotation": {
                "x": 0.9771875263360775,
                "y": -0.015348185980779876,
                "z": -0.02597388615664013,
                "w": 0.21022447240556769
            }
        },
        "Cart_to_ECM_base": {
            "translation": {
                "x": 0.0908505280541643,
                "y": 1.1948954103099154,
                "z": 0.5598139442253088
            },
            "rotation": {
                "x": -0.5718021127506067,
                "y": 0.04492163229780469,
                "z": -0.06415682035696359,
                "w": 0.8166445329562475
            }
        }
    },
    "jaw_angles": {
        "PSM1_jaw": -0.34906600000000004,
        "PSM2_jaw": 1.0529251901179084,
        "PSM3_jaw": 1.3805661999572207
    },
    "suj_joint_angles": {
        "PSM1": [
            0.12205400657092996,
            -0.1234424949034385,
            -1.8702712164699136,
            -0.24634123712802136
        ],
        "PSM2": [
            0.0906539286715431,
            0.31604796009282565,
            1.561904649404225,
            0.600637409654795
        ],
        "PSM3": [
            0.28644492834795054,
            1.6891458750513433,
            -3.0579158631451024,
            2.3312582039556164,
            1.3391229920775554
        ],
        "ECM": [
            0.4159908010223681,
            0.10331714917692425,
            -0.28366667788600486,
            0.023548584409967876
        ]
    }
}