{
    "transforms": {
        "Cart_to_PSM1": {
            "translation": {
                "x": 0.033779490768145175,
                "y": 1.026594877825374,
                "z": 0.25324481457458387
            },
            "rotation": {
                "x": -0.5330783529603585,
                "y": -0.7283588892723545,
                "z": -0.20867920454523453,
                "w": -0.37652860132184096
            }
        },
        "Cart_to_PSM1_base": {
            "translation": {
                "x": -0.0372379408011005,
                "y": 1.0374870081518544,
                "z": 0.31137419865308996
            },
            "rotation": {
                "x": 0.3550914868708619,
                "y": -0.14267899178303178,
                "z": 0.3444566623540696,
                "w": -0.8572644568716895
            }
        },
        "Cart_to_PSM2": {
            "translation": {
                "x": -0.12682452521855175,
                "y": 1.0026369314276542,
                "z": 0.2619109953714198
            },
            "rotation": {
                "x": -0.5993161663880539,
                "y": -0.6887656397767956,
                "z": 0.39159792706003904,
                "w": 0.11433761275743246
            }
        },
        "Cart_to_PSM2_base": {
            "translation": {
                "x": -0.043275556347671565,
                "y": 1.058235645711107,
                "z": 0.3487547309006376
            },
            "rotation": {
                "x": 0.32598662639174697,
                "y": 0.20044944040358287,
                "z": -0.4839265006663059,
                "w": -0.7869992904752089
            }
        },
        "Cart_to_PSM3": {
            "translation": {
                "x": -0.01772246133996691,
                "y": 0.6233241931365079,
                "z": 0.376816981356567
            },
            "rotation": {
                "x": 0.8468191975946766,
                "y": -0.3624765285208406,
                "z": -0.34536807015963344,
                "w": -0.17952411807553548
            }
        },
        "Cart_to_PSM3_base": {
            "translation": {
                "x": 0.006645095037943888,
                "y": 0.5923047502772774,
                "z": 0.41581586852206975
            },
            "rotation": {
                "x": 0.12179256129023364,
                "y": 0.046943988907429235,
                "z": -0.3565741533841826,
                "w": -0.9251041601128911
            }
        },
        "Cart_to_ECM": {
            "translation": {
                "x": 0.071109474528455,
                "y": 1.0788587940106307,
                "z": 0.28322792249293854
            },
            "rotation": {
                "x": 0.9568354261192983,
                "y": -0.14226222511498357,
                "z": -0.04121391734280625,
                "w": 0.2500576726391236
            }
        },
        "Cart_to_ECM_base": {
            "translation": {
                "x": 0.1077058444049172,
                "y": 1.1927339097552399,
                "z": 0.4958391915598884
            },
            "rotation": {
                "x": -0.5711440358113252,
                "y": 0.052631735212783096,
                "z": -0.07516834559208167,
                "w": 0.8157046712055734
            }
        }
    },
    "jaw_angles": {
        "PSM1_jaw": 0.013986000680587765,
        "PSM2_jaw": 0.008585465764321204,
        "PSM3_jaw": 0.005728922664678372
    },
    "suj_joint_angles": {
        "PSM1": [
            0.07921446967984888,
            -0.4840133439548955,
            -1.3688515941669315,
            -0.4820613386879935
        ],
        "PSM2": [
            0.1165950019273965,
            1.0674696419891994,
            0.2727730063219982,
            1.3331616617561106
        ],
        "PSM3": [
            0.31094909120653536,
            1.7005868464128757,
            -0.681903976378929,
            2.4556646184529227,
            0.40303291237029104
        ],
        "ECM": [
            0.35201604835694755,
            0.0945823730841111,
            -0.28356288589405443,
            0.0051967190533976915
        ]
    }
}