{
    "transforms": {
        "Cart_to_PSM1": {
            "translation": {
                "x": -0.005473610879907359,
                "y": 0.9273738197707844,
                "z": 0.21718959189815212
            },
            "rotation": {
                "x": 0.8898541333016785,
                "y": -0.2082509007072301,
                "z": 0.4059393641402276,
                "w": 0.0021015332435800433
            }
        },
        "Cart_to_PSM1_base": {
            "translation": {
                "x": -0.10841898940701045,
                "y": 0.9196218491458759,
                "z": 0.40570550728973576
            },
            "rotation": {
                "x": 0.36350596761194776,
                "y": -0.11962721368853978,
                "z": 0.2888048915886155,
                "w": -0.8775787576338129
            }
        },
        "Cart_to_PSM2": {
            "translation": {
                "x": -0.0642426188290951,
                "y": 0.9228347378877162,
                "z": 0.19231078566695195
            },
            "rotation": {
                "x": 0.09124148468985573,
                "y": -0.984665438583939,
                "z": 0.037220022852480245,
                "w": 0.14395706105902245
            }
        },
        "Cart_to_PSM2_base": {
            "translation": {
                "x": -0.005085809264348373,
                "y": 0.8957605961708777,
                "z": 0.3366082821767164
            },
            "rotation": {
                "x": 0.3439708343668474,
                "y": 0.16772395132883322,
                "z": -0.4049203863132226,
                "w": -0.8304168965065493
            }
        },
        "Cart_to_PSM3": {
            "translation": {
                "x": 0.9664755273904054,
                "y": 0.013960879892411127,
                "z": 0.3377684026008525
            },
            "rotation": {
                "x": 0.8879671127339409,
                "y": -0.42969880695636953,
                "z": 0.08454149863793838,
                "w": -0.1404495532612084
            }
        },
        "Cart_to_PSM3_base": {
            "translation": {
                "x": 0.9037392788048791,
                "y": -0.02051928679815207,
                "z": 0.39134740598125584
            },
            "rotation": {
                "x": 0.1191792139858092,
                "y": -0.05323045212940479,
                "z": 0.40432446931019,
                "w": -0.905253863530478
            }
        },
        "Cart_to_ECM": {
            "translation": {
                "x": 0.07847348031473875,
                "y": 1.0935344417062949,
                "z": 0.33670848062148767
            },
            "rotation": {
                "x": 0.9769297330988401,
                "y": -0.015946743051417318,
                "z": -0.026758271506701868,
                "w": 0.21127705242040587
            }
        },
        "Cart_to_ECM_base": {
            "translation": {
                "x": 0.09295038023041638,
                "y": 1.19458094963083,
                "z": 0.5597459339522121
            },
            "rotation": {
                "x": -0.571739952554799,
                "y": 0.045705971677592674,
                "z": -0.06527700940874052,
                "w": 0.8165557561172995
            }
        }
    },
    "jaw_angles": {
        "PSM1_jaw": 0.000692376271316214,
        "PSM2_jaw": 0.413348633975787,
        "PSM3_jaw": 1.3906699362931079
    },
    "suj_joint_angles": {
        "PSM1": [
            0.17354577831649454,
            -0.12270851123778148,
            -1.8238829149446998,
            -0.2600634482372286
        ],
        "PSM2": [
            0.10444855320347532,
            0.31615902331135315,
            1.5615150067853705,
            0.6004969998083797
        ],
        "PSM3": [
            0.2864806286657213,
            1.6878946445018879,
            -3.057173937406319,
            2.331119995620169,
            1.339636007562931
        ],
        "ECM": [
            0.415922790749271,
            0.10285437652653506,
            -0.28569306193327537,
            0.02329419793387011
        ]
    }
}