{
    "transforms": {
        "Cart_to_PSM1": {
            "translation": {
                "x": 0.01841942234295991,
                "y": 0.9361191048699705,
                "z": 0.23820742632511657
            },
            "rotation": {
                "x": 0.7851271766842776,
                "y": -0.41520637355962636,
                "z": 0.3391203631390855,
                "w": -0.3101231418189462
            }
        },
        "Cart_to_PSM1_base": {
            "translation": {
                "x": -0.15629562913091738,
                "y": 0.9141213253777569,
                "z": 0.3542900676988774
            },
            "rotation": {
                "x": 0.36785402795493705,
                "y": -0.10550200406490068,
                "z": 0.2547037075165472,
                "w": -0.8880758766191903
            }
        },
        "Cart_to_PSM2": {
            "translation": {
                "x": -0.04790608334185077,
                "y": 0.9171126339410016,
                "z": 0.1964981608800795
            },
            "rotation": {
                "x": 0.26614189397421434,
                "y": -0.900227992052196,
                "z": -0.19265912961205375,
                "w": 0.2857280426815256
            }
        },
        "Cart_to_PSM2_base": {
            "translation": {
                "x": 0.07716536236566472,
                "y": 0.9163677398539918,
                "z": 0.3262962147836702
            },
            "rotation": {
                "x": 0.35022452693100553,
                "y": 0.15424020059742966,
                "z": -0.37236781697620097,
                "w": -0.8455146066958258
            }
        },
        "Cart_to_PSM3": {
            "translation": {
                "x": 0.7260346930835548,
                "y": 0.460607573567946,
                "z": 0.33622631245628365
            },
            "rotation": {
                "x": 0.6392006039523619,
                "y": -0.3000010597070984,
                "z": 0.3316580583118269,
                "w": -0.6256395803003381
            }
        },
        "Cart_to_PSM3_base": {
            "translation": {
                "x": 0.7042582053881454,
                "y": 0.41664818686621097,
                "z": 0.38987451252018435
            },
            "rotation": {
                "x": 0.12934015413412944,
                "y": -0.017558206307473366,
                "z": 0.13336750230957267,
                "w": -0.9824336838929791
            }
        },
        "Cart_to_ECM": {
            "translation": {
                "x": 0.07662589590390761,
                "y": 1.0675641605491095,
                "z": 0.35074798235826943
            },
            "rotation": {
                "x": 0.9622079035781794,
                "y": -0.02373901000197706,
                "z": -0.03076088311422642,
                "w": 0.269529548966053
            }
        },
        "Cart_to_ECM_base": {
            "translation": {
                "x": 0.09427852249846606,
                "y": 1.194386870056352,
                "z": 0.5598562561017512
            },
            "rotation": {
                "x": -0.5716960688562586,
                "y": 0.04625163833483998,
                "z": -0.06605632743244268,
                "w": 0.8164930816680452
            }
        }
    },
    "jaw_angles": {
        "PSM1_jaw": 0.1026101634090647,
        "PSM2_jaw": 0.0,
        "PSM3_jaw": 1.5312889471533953
    },
    "suj_joint_angles": {
        "PSM1": [
            0.12213033872563628,
            -0.0461850748077115,
            -1.8907244570884736,
            -0.19250046288704592
        ],
        "PSM2": [
            0.09413648581042897,
            0.2514446103966992,
            1.5313442935039154,
            0.6176976229218565
        ],
        "PSM3": [
            0.28500773520464984,
            1.7010163104987281,
            -2.361246438260435,
            2.65379414714116,
            0.8781739160853914
        ],
        "ECM": [
            0.4160331128988103,
            0.10249973213374663,
            -0.28662949992083875,
            0.022676414035367687
        ]
    }
}