{
    "transforms": {
        "Cart_to_PSM1": {
            "translation": {
                "x": -0.09791031436186462,
                "y": 0.9330028103900742,
                "z": 0.23460595479377702
            },
            "rotation": {
                "x": -0.6087483041018267,
                "y": -0.7607056609967268,
                "z": -0.21021454293331887,
                "w": 0.0810076880303295
            }
        },
        "Cart_to_PSM1_base": {
            "translation": {
                "x": -0.12648293083980042,
                "y": 0.9150454584786727,
                "z": 0.41009982365038977
            },
            "rotation": {
                "x": 0.3640373457818101,
                "y": -0.1180002950018209,
                "z": 0.2848771726319184,
                "w": -0.8788616146862159
            }
        },
        "Cart_to_PSM2": {
            "translation": {
                "x": -0.00922471644441758,
                "y": 0.8618200504280326,
                "z": 0.2668480869718227
            },
            "rotation": {
                "x": 0.23223678170652853,
                "y": -0.9678629396329641,
                "z": -0.01513323026730306,
                "w": -0.09528059954318514
            }
        },
        "Cart_to_PSM2_base": {
            "translation": {
                "x": 0.014858475304716838,
                "y": 0.8897476127738129,
                "z": 0.3412318912802124
            },
            "rotation": {
                "x": 0.3531594619461542,
                "y": 0.14739624548232144,
                "z": -0.3558450906323244,
                "w": -0.8526001482104559
            }
        },
        "Cart_to_PSM3": {
            "translation": {
                "x": 0.9369280855014008,
                "y": 0.35121482639137847,
                "z": 0.3121311176847882
            },
            "rotation": {
                "x": -0.6794307283494814,
                "y": -0.7177539143084416,
                "z": -0.12732691742311456,
                "w": 0.08361255867949097
            }
        },
        "Cart_to_PSM3_base": {
            "translation": {
                "x": 0.8600743553763508,
                "y": 0.2561229784878949,
                "z": 0.43571381793204816
            },
            "rotation": {
                "x": 0.1303735946077885,
                "y": -0.00631600421312142,
                "z": 0.04797470150024426,
                "w": -0.9902834250535485
            }
        },
        "Cart_to_ECM": {
            "translation": {
                "x": 0.06422176130927487,
                "y": 1.0781743348578021,
                "z": 0.3222558444078702
            },
            "rotation": {
                "x": 0.9610303977650654,
                "y": -0.10499454239053144,
                "z": -0.03481195283218248,
                "w": 0.2533472884791413
            }
        },
        "Cart_to_ECM_base": {
            "translation": {
                "x": 0.09349504854711635,
                "y": 1.1950713731296192,
                "z": 0.5340979236578799
            },
            "rotation": {
                "x": -0.5718710782784712,
                "y": 0.0440349749968762,
                "z": -0.062890501430778,
                "w": 0.8167430291318246
            }
        }
    },
    "jaw_angles": {
        "PSM1_jaw": 0.2150520698708198,
        "PSM2_jaw": 0.0,
        "PSM3_jaw": 0.42383611495593265
    },
    "suj_joint_angles": {
        "PSM1": [
            0.1779400946771484,
            -0.09515963817405959,
            -1.8231784884489528,
            -0.2793720378668807
        ],
        "PSM2": [
            0.1090721623069712,
            0.21100684160495398,
            1.764164194692245,
            0.3863965543268485
        ],
        "PSM3": [
            0.3308470406165138,
            1.6908262789264512,
            -1.710830699230219,
            1.810409991566594,
            1.2543719251827739
        ],
        "ECM": [
            0.390274780454939,
            0.09582391443795268,
            -0.2807038233151151,
            0.03118005020370873
        ]
    }
}