{
    "transforms": {
        "Cart_to_PSM1": {
            "translation": {
                "x": 0.02731068340429358,
                "y": 0.990920559725383,
                "z": 0.2682006465580364
            },
            "rotation": {
                "x": 0.8295016393775515,
                "y": 0.14188516181391328,
                "z": 0.4970967489101221,
                "w": 0.21140116686050064
            }
        },
        "Cart_to_PSM1_base": {
            "translation": {
                "x": -0.0666179362609867,
                "y": 1.0035234921000185,
                "z": 0.35409497297758225
            },
            "rotation": {
                "x": 0.3502204246599327,
                "y": -0.15424951505725454,
                "z": 0.37239030401302897,
                "w": -0.8455047029630895
            }
        },
        "Cart_to_PSM2": {
            "translation": {
                "x": -0.10432687693888978,
                "y": 0.9566463551980589,
                "z": 0.2674637560625155
            },
            "rotation": {
                "x": 0.9518162520078773,
                "y": 0.030930210384875534,
                "z": -0.2855402110582233,
                "w": -0.10749852263194005
            }
        },
        "Cart_to_PSM2_base": {
            "translation": {
                "x": -0.05401349506543385,
                "y": 0.9978580992924168,
                "z": 0.3514849615888026
            },
            "rotation": {
                "x": 0.3178353891915278,
                "y": 0.2131382746525173,
                "z": -0.5145599768349518,
                "w": -0.7673205141889746
            }
        },
        "Cart_to_PSM3": {
            "translation": {
                "x": -0.031950766228424785,
                "y": 0.5634217504026918,
                "z": 0.32012382584845656
            },
            "rotation": {
                "x": -0.3837104932617117,
                "y": -0.9226390400010693,
                "z": -0.03597043191237457,
                "w": 0.014477128679293579
            }
        },
        "Cart_to_PSM3_base": {
            "translation": {
                "x": -0.03197295704765771,
                "y": 0.5614988424873323,
                "z": 0.34486520757736056
            },
            "rotation": {
                "x": 0.1210644149062072,
                "y": 0.0487911213602826,
                "z": -0.3706044841228727,
                "w": -0.9195733523041233
            }
        },
        "Cart_to_ECM": {
            "translation": {
                "x": 0.06598400218774944,
                "y": 1.059356381605058,
                "z": 0.3250966145426834
            },
            "rotation": {
                "x": 0.9491372536389633,
                "y": -0.1083616395052022,
                "z": -0.04234323062652749,
                "w": 0.2925803815339296
            }
        },
        "Cart_to_ECM_base": {
            "translation": {
                "x": 0.10121224749354701,
                "y": 1.1931812078080513,
                "z": 0.527273448678769
            },
            "rotation": {
                "x": -0.5712092017313101,
                "y": 0.05191971737053464,
                "z": -0.07415144574985756,
                "w": 0.8157977408027367
            }
        }
    },
    "jaw_angles": {
        "PSM1_jaw": 0.0,
        "PSM2_jaw": 0.0,
        "PSM3_jaw": 0.0
    },
    "suj_joint_angles": {
        "PSM1": [
            0.12193524400434103,
            -0.4457878720271715,
            -1.2929416176239377,
            -0.6618102288450431
        ],
        "PSM2": [
            0.11932523261556141,
            0.9868520223264718,
            0.4010864699769261,
            1.3642900357640069
        ],
        "PSM3": [
            0.23999843026182624,
            1.7004790442511122,
            -0.7015068888282561,
            2.5098968879212427,
            0.39893414980572317
        ],
        "ECM": [
            0.38345030547582803,
            0.10271274755268522,
            -0.2830949434567527,
            -0.0009084364497025099
        ]
    }
}